{"@class":"Script_PostFX","id":{"uuid":"E8A9D4B2-4E99-406A-861B-6BA10BE5AA4A"},"name":"Script_PostFX","enableOnAwake":false,"bloom_enabled":false,"bloomResolutionFactor_high":8.0,"bloomResolutionFactor_med":16.0,"bloomResolutionFactor_low":32.0,"cascade_high_enabled":true,"cascade_med_enabled":true,"cascade_low_enabled":true,"field_1":{"values":[0.20000000298023225,0.20000000298023225,0.20000000298023225]},"field_2":{"values":[0.10000000149011612,0.10000000149011612,0.10000000149011612]},"field_3":{"values":[0.05000000074505806,0.05000000074505806,0.05000000074505806]},"BaseSaturation":0.0,"BaseIntensity":1.0,"BloomSaturation":1.0,"BloomIntensity":1.0,"chromatic_aberration_enabled":false,"chromatic_aberration_scale":5.0,"dof_enabled":false,"dof_range":10.0,"dof_distance":0.15000000596046449,"fxaa_enabled":true,"Brightness":0.0,"Contrast":0.0,"Gamma":2.200000047683716,"SRGB":true}